-- phpMyAdmin SQL Dump
-- version 2.11.3
-- http://www.phpmyadmin.net
--
-- Serveur: bdur2m.sql.free.fr
-- Généré le : Jeu 09 Octobre 2008 à 15:56
-- Version du serveur: 5.0.67
-- Version de PHP: 5.2.5

SET SQL_MODE="NO_AUTO_VALUE_ON_ZERO";

--
-- Base de données: `bdur2m`
--

-- --------------------------------------------------------

--
-- Structure de la table `artiste`
--

CREATE TABLE IF NOT EXISTS `artiste` (
  `ArtisteID` varchar(5) NOT NULL,
  `Anom` varchar(25) NOT NULL,
  `Aprenom` varchar(25) NOT NULL,
  `Anat` varchar(25) NOT NULL,
  `Anaissance` int(4) NOT NULL default '0',
  `Amort` int(4) default NULL,
  `Asexe` enum('F','H') NOT NULL default 'H',
  PRIMARY KEY  (`ArtisteID`)
) ENGINE=MyISAM DEFAULT CHARSET=latin1;

--
-- Contenu de la table `artiste`
--

INSERT INTO `artiste` (`ArtisteID`, `Anom`, `Aprenom`, `Anat`, `Anaissance`, `Amort`, `Asexe`) VALUES
('A001', 'EASTWOOD', 'Clint', 'USA', 1930, NULL, 'H'),
('A002', 'KUBRICK', 'Stanley', 'USA', 1928, 1999, 'H'),
('A003', 'HITCHCOCK', 'Alfred', 'UK', 1899, 1980, 'H'),
('A005', 'LEONE', 'Sergio', 'ITALIE', 1921, 1989, 'H'),
('A008', 'KUROSAWA', 'Akira', 'JAPON', 1910, 1998, 'H'),
('A007', 'TRUFFAUT', 'François', 'FRANCE', 1932, 1984, 'H'),
('A011', 'LAUGHTON', 'Charles', 'UK', 1899, 1962, 'H'),
('A017', 'VON TRIERS', 'Lars', 'DANEMARK', 1956, NULL, 'H'),
('A018', 'KITANO', 'Takeshi', 'JAPON', 1947, NULL, 'H'),
('A021', 'ZHANG', 'Yimou', 'CHINE', 1950, NULL, 'H'),
('A023', 'VAN SANT', 'Gus', 'USA', 1952, NULL, 'H'),
('A025', 'DENIS', 'Claire', 'FRANCE', 1948, NULL, 'F'),
('A032', 'BERNARD', 'Raymond', 'FRANCE', 1891, 1977, 'H'),
('A035', 'LE CHANOIS', 'Jean-Paul', 'FRANCE', 1909, 1985, 'H'),
('A036', 'HOSSEIN', 'Robert', 'FRANCE', 1927, NULL, 'H'),
('A050', 'STURGES', 'John', 'USA', 1910, 1992, 'H'),
('A037', 'SCOTT', 'Ridley', 'UK', 1937, NULL, 'H'),
('A038', 'VARDA', 'Agnès', 'FRANCE', 1928, NULL, 'F'),
('A039', 'SCOLA', 'Ettore', 'ITALIE', 1931, NULL, 'H'),
('A040', 'SWANK', 'Hilary', 'USA', 1974, NULL, 'F'),
('A041', 'KIDMAN', 'Nicole', 'AUSTRALIE', 1967, NULL, 'F'),
('A064', 'CRUISE', 'Tom', 'USA', 1962, NULL, 'H'),
('A065', 'WALLACH', 'Eli', 'USA', 1915, NULL, 'H'),
('A067', 'VAN CLEEF', 'Lee', 'USA', 1925, 1989, 'H'),
('A068', 'PERKINS', 'Anthony', 'USA', 1932, 1992, 'H'),
('A069', 'LEIGH', 'Janet', 'USA', 1927, 2004, 'F'),
('A070', 'VAUGHN', 'Vince', 'USA', 1970, NULL, 'H'),
('A071', 'HECHE', 'Anne', 'USA', 1969, NULL, 'F'),
('A073', 'HEDREN', 'Tippi', 'USA', 1930, NULL, 'F'),
('A074', 'TAYLOR', 'Rod', 'AUSTRALIE', 1930, NULL, 'H'),
('A076', 'LI', 'Jet', 'CHINE', 1963, NULL, 'H'),
('A077', 'CHEUNG', 'Maggie', 'CHINE', 1964, NULL, 'F'),
('A090', 'STEWART', 'James', 'USA', 1908, 1997, 'H'),
('A091', 'DAY', 'Doris', 'USA', 1924, NULL, 'F'),
('A092', 'LORRE', 'Peter', 'HONGRIE', 1904, 1964, 'H'),
('A093', 'FRESNAY', 'Pierre', 'FRANCE', 1897, 1975, 'H'),
('A094', 'BAUR', 'Harry', 'FRANCE', 1880, 1943, 'H'),
('A095', 'VANEL', 'Charles', 'FRANCE', 1892, 1989, 'H'),
('A097', 'GABIN', 'Jean', 'FRANCE', 1904, 1976, 'H'),
('A098', 'BLIER', 'Bernard', 'FRANCE', 1916, 1989, 'H'),
('A099', 'VENTURA', 'Lino', 'ITALIE', 1919, 1987, 'H'),
('A096', 'BOUQUET', 'Michel', 'FRANCE', 1925, NULL, 'H'),
('A101', 'DE BANKOLE', 'Isaach', 'COTE D''IVOIRE', 1957, NULL, 'H'),
('A102', 'BRIALY', 'Jean-Claude', 'FRANCE', 1933, 2007, 'H'),
('A103', 'MIFUNE', 'Toshirô', 'JAPON', 1920, 1997, 'H'),
('A104', 'MYAGUSHI', 'Seiji', 'JAPON', 1913, 1985, 'H'),
('A105', 'BRYNNER', 'Yul', 'RUSSIE', 1920, 1985, 'H'),
('A106', 'MCQUEEN', 'Steve', 'USA', 1930, 1980, 'H'),
('A110', 'BAYE', 'Nathalie', 'FRANCE', 1948, NULL, 'F'),
('A115', 'MITCHUM', 'Robert', 'USA', 1917, 1997, 'H'),
('A116', 'WINTERS', 'Shelley', 'USA', 1920, 2006, 'F'),
('A117', 'GISH', 'Lilian', 'USA', 1893, 1993, 'F'),
('A120', 'FORD', 'Harisson', 'USA', 1942, NULL, 'H'),
('A121', 'YOUNG', 'Sean', 'USA', 1959, NULL, 'F'),
('A129', 'BONNAIRE', 'Sandrine', 'FRANCE', 1967, NULL, 'F'),
('A130', 'MOREAU', 'Yolande', 'BELGIQUE', 1953, NULL, 'H'),
('A140', 'LAFONT', 'Bernadette', 'FRANCE', 1938, NULL, 'F'),
('A141', 'DUSSOLLIER', 'André', 'FRANCE', 1946, NULL, 'H'),
('A142', 'DENNER', 'Charles', 'POLOGNE', 1926, 1995, 'H'),
('A143', 'MANFREDI', 'Nino', 'ITALIE', 1921, 2004, 'H'),
('A151', 'CAMERON', 'James', 'CANADA', 1954, NULL, 'H'),
('A152', 'DICAPRIO', 'Leonardo', 'USA', 1974, NULL, 'H'),
('A153', 'WINSLET', 'Kate', 'UK', 1975, NULL, 'F'),
('A154', 'BATES', 'Kathy', 'USA', 1948, NULL, 'F'),
('A200', 'BAKER', 'Roy Ward', 'UK', 1916, NULL, 'H'),
('A201', 'BURTON', 'Tim', 'USA', 1958, NULL, 'H'),
('A202', 'DEPP', 'Johnny', 'USA', 1963, NULL, 'H'),
('A203', 'NICHOLSON', 'Jack', 'USA', 1937, NULL, 'H'),
('A204', 'CLOSE', 'Glenn', 'USA', 1947, NULL, 'F'),
('A112', 'SCORSESE', 'Martin', 'USA', 1942, NULL, 'H'),
('A114', 'DAY-LEWIS', 'Daniel', 'UK', 1957, NULL, 'H'),
('A180', 'SISSOKO', 'Cheich Oumar', 'MALI', 1945, NULL, 'H'),
('A185', 'DE NIRO', 'Robert', 'USA', 1943, NULL, 'H'),
('A190', 'LOUNGUINE', 'Pavel', 'RUSSIE', 1949, NULL, 'H'),
('A191', 'MASHKOV', 'Vladimir', 'RUSSIE', 1963, NULL, 'H'),
('A192', 'MIRONOVA', 'Mariya', 'RUSSIE', 1973, NULL, 'F'),
('A195', 'JOHAR', 'Karan', 'INDE', 1972, NULL, 'H'),
('A196', 'BHADURI', 'Jaya', 'INDE', 1948, NULL, 'F'),
('A197', 'BACHCHAN', 'Amitabh', 'INDE', 1942, NULL, 'H'),
('A198', 'PIALAT', 'Maurice', 'FRANCE', 1925, 2003, 'H'),
('A210', 'DUTRONC', 'Jacques', 'FRANCE', 1943, NULL, 'H'),
('A211', 'SCHNEIDER', 'Romy', 'AUTRICHE', 1938, 1982, 'F'),
('A212', 'ZULAWSKI', 'Andrzej', 'POLOGNE', 1940, NULL, 'H'),
('A215', 'KUSTURICA', 'Emir', 'YOUGOSLAVIE', 1954, NULL, 'H'),
('A216', 'LEWIS', 'Jerry', 'USA', 1926, NULL, 'H'),
('A217', 'DUNAWAY', 'Faye', 'USA', 1941, NULL, 'F'),
('A207', 'MCDOWELL', 'Malcolm', 'UK', 1943, NULL, 'H'),
('A220', 'TRACY', 'Spencer', 'USA', 1900, 1967, 'H'),
('A213', 'FLEMING', 'Victor', 'USA', 1889, 1949, 'H'),
('A225', 'BERGMAN', 'Ingrid', 'SUEDE', 1915, 1982, 'F');

-- --------------------------------------------------------

--
-- Structure de la table `film`
--

CREATE TABLE IF NOT EXISTS `film` (
  `FilmID` varchar(5) NOT NULL default '',
  `Ftitre` varchar(50) NOT NULL default '',
  `FrealisateurID` varchar(5) NOT NULL default '',
  `Fgenre` enum('Drame','Comédie','Thriller','Policier','SF','Fantastique','Action','Western') NOT NULL default 'Drame',
  `Fnat` varchar(25) NOT NULL default '',
  `Fduree` int(11) NOT NULL default '0',
  `Fannee` int(4) NOT NULL default '0',
  `FRemakeDe` varchar(5) default NULL,
  PRIMARY KEY  (`FilmID`)
) ENGINE=MyISAM DEFAULT CHARSET=latin1;

--
-- Contenu de la table `film`
--

INSERT INTO `film` (`FilmID`, `Ftitre`, `FrealisateurID`, `Fgenre`, `Fnat`, `Fduree`, `Fannee`, `FRemakeDe`) VALUES
('F001', 'Million dollar baby', 'A001', 'Drame', 'USA', 132, 2004, NULL),
('F002', 'Eyes wide shut', 'A002', 'Drame', 'USA', 159, 1998, NULL),
('F004', 'Le bon, la brute et le truand', 'A005', 'Western', 'ITALIE', 178, 1968, NULL),
('F008', 'Les oiseaux', 'A003', 'Thriller', 'USA', 120, 1963, NULL),
('F011', 'Psychose', 'A003', 'Thriller', 'USA', 109, 1960, NULL),
('F012', 'Psycho', 'A023', 'Thriller', 'USA', 144, 1998, 'F011'),
('F024', 'Hero', 'A021', 'Action', 'CHINE', 98, 2002, NULL),
('F025', 'Hana-bi', 'A018', 'Drame', 'JAPON', 103, 1997, NULL),
('F031', 'L''homme qui en savait trop', 'A003', 'Policier', 'UK', 84, 1934, NULL),
('F027', 'L''homme qui en savait trop', 'A003', 'Policier', 'USA', 120, 1956, 'F031'),
('F030', 'Les misérables', 'A032', 'Drame', 'FRANCE', 290, 1933, NULL),
('F032', 'Les misérables', 'A035', 'Drame', 'FRANCE', 227, 1957, 'F030'),
('F034', 'Les misérables', 'A036', 'Drame', 'FRANCE', 180, 1981, 'F032'),
('F040', 'S''en fout la mort', 'A025', 'Drame', 'FRANCE', 91, 1990, NULL),
('F041', 'Les sept samouraïs', 'A008', 'Drame', 'JAPON', 200, 1954, NULL),
('F042', 'Les sept mercenaires', 'A050', 'Western', 'USA', 186, 1960, 'F041'),
('F050', 'La chambre verte', 'A007', 'Drame', 'FRANCE', 95, 1978, NULL),
('F060', 'La nuit du chasseur', 'A011', 'Drame', 'USA', 93, 1955, NULL),
('F055', 'Dogville', 'A017', 'Drame', 'DANEMARK', 197, 2002, NULL),
('F057', 'Blade runner', 'A037', 'SF', 'USA', 113, 1982, NULL),
('F081', 'Sans toit ni loi', 'A038', 'Drame', 'FRANCE', 105, 1985, NULL),
('F058', 'Une belle fille comme moi', 'A007', 'Comédie', 'FRANCE', 100, 1972, NULL),
('F061', 'Affreux, sales et méchants', 'A039', 'Comédie', 'ITALIE', 115, 1976, NULL),
('F064', 'Titanic', 'A151', 'Drame', 'USA', 194, 1997, 'F067'),
('F067', 'Atlantique latitude 41', 'A200', 'Drame', 'USA', 123, 1958, NULL),
('F100', 'Charlie et la chocolaterie', 'A201', 'Comédie', 'USA', 116, 2004, NULL),
('F103', 'Mars attack', 'A201', 'Comédie', 'USA', 106, 1996, NULL),
('F105', 'Shining', 'A002', 'Fantastique', 'USA', 120, 1980, NULL),
('F108', 'Gangs of New-York', 'A112', 'Drame', 'USA', 170, 2002, NULL),
('F118', 'Bàttu', 'A180', 'Drame', 'SENEGAL', 105, 2000, NULL),
('F120', 'Il était une fois en Amérique', 'A005', 'Drame', 'USA', 220, 1984, NULL),
('F121', 'Un nouveau russe', 'A190', 'Drame', 'RUSSIE', 128, 2003, NULL),
('F123', 'La famille indienne', 'A195', 'Comédie', 'INDE', 209, 2001, NULL),
('F201', 'A nos amours', 'A198', 'Drame', 'FRANCE', 95, 1983, NULL),
('F202', 'L''important c''est d''aimer', 'A212', 'Drame', 'FRANCE', 109, 1974, NULL),
('F204', 'Van Gogh', 'A198', 'Drame', 'FRANCE', 158, 1991, NULL),
('F205', 'Arizona dream', 'A215', 'Comédie', 'USA', 141, 1992, NULL),
('F206', 'Docteur Jerry et Mister love', 'A216', 'Comédie', 'USA', 107, 1963, 'F211'),
('F208', 'Orange mécanique', 'A002', 'SF', 'UK', 136, 1971, NULL),
('F211', 'Dr Jekyll et Mr Hyde', 'A213', 'Fantastique', 'USA', 127, 1941, NULL);

-- --------------------------------------------------------

--
-- Structure de la table `joue`
--

CREATE TABLE IF NOT EXISTS `joue` (
  `JArtisteID` varchar(5) NOT NULL,
  `JFilmID` varchar(5) NOT NULL default '',
  `Jrole` varchar(30) NOT NULL default '',
  PRIMARY KEY  (`JArtisteID`,`JFilmID`)
) ENGINE=MyISAM DEFAULT CHARSET=latin1;

--
-- Contenu de la table `joue`
--

INSERT INTO `joue` (`JArtisteID`, `JFilmID`, `Jrole`) VALUES
('A001', 'F001', 'Frankie Dunn'),
('A040', 'F001', 'Maggie Fitzerald'),
('A041', 'F002', 'Alice Harford'),
('A064', 'F002', 'William Harford'),
('A001', 'F004', 'Le bon'),
('A065', 'F004', 'Le truand'),
('A067', 'F004', 'La brute'),
('A073', 'F008', 'Melanie Daniels'),
('A074', 'F008', 'Mitch Brenner'),
('A068', 'F011', 'Norman Bates'),
('A069', 'F011', 'Marion Crane'),
('A070', 'F012', 'Norman Bates'),
('A071', 'F012', 'Marion Crane'),
('A076', 'F024', 'Sans nom'),
('A077', 'F024', 'Flocon de neige'),
('A018', 'F025', 'Nishi'),
('A090', 'F027', 'Ben McKenna'),
('A091', 'F027', 'Jo Mckenna'),
('A092', 'F031', 'Abott'),
('A093', 'F031', 'Louis Bernard'),
('A094', 'F030', 'Jean Valjean'),
('A095', 'F030', 'Javert'),
('A097', 'F032', 'Jean Valjean'),
('A098', 'F032', 'Javert'),
('A099', 'F034', 'Jean Valjean'),
('A096', 'F034', 'Javert'),
('A101', 'F040', 'Dah'),
('A102', 'F040', 'Pierre Ardennes'),
('A103', 'F041', 'Kitushio'),
('A104', 'F041', 'Kyuzo'),
('A105', 'F042', 'Chris Adams'),
('A106', 'F042', 'Vin'),
('A065', 'F042', 'Calvera'),
('A007', 'F050', 'Julien Davenne'),
('A110', 'F050', 'Cecilia Mandel'),
('A115', 'F060', 'Harry Powell'),
('A116', 'F060', 'Willa Harper'),
('A117', 'F060', 'Rachel Cooper'),
('A041', 'F055', 'Grace'),
('A120', 'F057', 'Rick Deckard'),
('A121', 'F057', 'Rachel'),
('A129', 'F081', 'Mona Bergeron'),
('A130', 'F081', 'Yolande'),
('A140', 'F058', 'Camille Bliss'),
('A141', 'F058', 'Stanislas Previne'),
('A142', 'F058', 'Arthur'),
('A143', 'F061', 'Giacinto Mazzatella'),
('A152', 'F064', 'Jack Dawson'),
('A153', 'F064', 'Rose Dewitt Butaker'),
('A154', 'F064', 'Molly Brown'),
('A202', 'F100', 'Willy Wonka'),
('A203', 'F103', 'Le président Dale'),
('A204', 'F103', 'Marsha Dale'),
('A203', 'F105', 'Jack Torrance'),
('A114', 'F108', 'Bill le boucher'),
('A152', 'F108', 'Amsterdam Vallon'),
('A101', 'F118', 'Raabi'),
('A185', 'F120', 'Noodles'),
('A191', 'F121', 'Platon Makovvski'),
('A192', 'F121', 'Maria'),
('A196', 'F123', 'Nandini Raichand'),
('A197', 'F123', 'Yashovardhan Raichand'),
('A198', 'F201', 'Le père'),
('A129', 'F201', 'Suzanne'),
('A210', 'F202', 'Jacques Chevalier'),
('A211', 'F202', 'Nadine Chevalier'),
('A210', 'F204', 'Vincent Van Gogh'),
('A216', 'F205', 'Leo Sweetie'),
('A217', 'F205', 'Elaine Stalker'),
('A202', 'F205', 'Axel Blackman'),
('A216', 'F206', 'Julius Kelp - Buddy Love'),
('A207', 'F208', 'Alex Delarge'),
('A220', 'F210', 'Dr Jekyll-Mr Hyde'),
('A225', 'F210', 'Ivy Peterson');

-- --------------------------------------------------------

--
-- Structure de la table `membre`
--

CREATE TABLE IF NOT EXISTS `membre` (
  `MembreID` varchar(5) NOT NULL default '',
  `Mnom` varchar(25) NOT NULL default '',
  `Mprenom` varchar(25) NOT NULL default '',
  `Mnaissance` int(4) NOT NULL default '0',
  `Msexe` enum('H','F') NOT NULL default 'H',
  PRIMARY KEY  (`MembreID`)
) ENGINE=MyISAM DEFAULT CHARSET=latin1;

--
-- Contenu de la table `membre`
--

INSERT INTO `membre` (`MembreID`, `Mnom`, `Mprenom`, `Mnaissance`, `Msexe`) VALUES
('M001', 'SABLON', 'Sabine', 1973, 'F'),
('M002', 'WILSON', 'Yvon', 1963, 'H'),
('M003', 'LEOTOT', 'Louis', 1954, 'H'),
('M004', 'MONTAUT', 'Patrick', 1958, 'H'),
('M005', 'SIMON', 'Stephanie', 1969, 'F'),
('M006', 'BALLAND', 'Alain', 1983, 'H'),
('M007', 'BARDOUX', 'Pierre', 1984, 'H'),
('M008', 'BERET', 'Juliette', 1962, 'F'),
('M009', 'CAPIN', 'Andree', 1984, 'F'),
('M010', 'CARIOU', 'Andre', 1959, 'H'),
('M011', 'DENIS', 'Lucie', 1984, 'F'),
('M012', 'DORMOY', 'Josephine', 1969, 'F'),
('M013', 'DUPOND', 'David', 1982, 'H'),
('M014', 'FRACHE', 'Geoffroy', 1964, 'H'),
('M015', 'GLOUX', 'Germaine', 1960, 'F'),
('M016', 'GRIVET', 'Gontran', 1964, 'H'),
('M017', 'HARRISON', 'Jenny', 1958, 'F'),
('M018', 'HORTENS', 'Jacques', 1971, 'H'),
('M019', 'GODARD', 'Jeanne', 1952, 'F'),
('M020', 'KHIDER', 'Ali', 1970, 'H'),
('M021', 'LECLERC', 'Laurence', 1962, 'F'),
('M022', 'LEFRIEC', 'Lola', 1953, 'F'),
('M023', 'LEVASSEUR', 'Marc', 1962, 'H'),
('M024', 'MARCHAIS', 'Marcelle', 1962, 'F'),
('M025', 'MOLAR', 'Pascale', 1958, 'F'),
('M026', 'OLIVIER', 'Paul', 1985, 'H'),
('M027', 'PLOUET', 'Anne', 1969, 'F'),
('M028', 'RENOIR', 'Richard', 1979, 'H'),
('M029', 'TREVES', 'Emilie', 1981, 'F'),
('M030', 'VALLON', 'Yves', 1985, 'H');

-- --------------------------------------------------------

--
-- Structure de la table `note`
--

CREATE TABLE IF NOT EXISTS `note` (
  `NMembreID` varchar(5) NOT NULL default '',
  `NFilmID` varchar(5) NOT NULL default '',
  `Nnote` int(2) NOT NULL default '0',
  PRIMARY KEY  (`NMembreID`,`NFilmID`)
) ENGINE=MyISAM DEFAULT CHARSET=latin1;

--
-- Contenu de la table `note`
--

INSERT INTO `note` (`NMembreID`, `NFilmID`, `Nnote`) VALUES
('M001', 'F001', 11),
('M002', 'F001', 15),
('M003', 'F001', 18),
('M004', 'F001', 11),
('M005', 'F001', 5),
('M006', 'F001', 10),
('M007', 'F001', 19),
('M013', 'F001', 7),
('M014', 'F001', 18),
('M015', 'F001', 17),
('M016', 'F001', 18),
('M017', 'F001', 16),
('M018', 'F001', 17),
('M019', 'F001', 7),
('M020', 'F001', 11),
('M021', 'F001', 12),
('M022', 'F001', 14),
('M023', 'F001', 12),
('M024', 'F001', 5),
('M025', 'F001', 7),
('M026', 'F001', 15),
('M030', 'F001', 18),
('M001', 'F002', 19),
('M002', 'F002', 15),
('M003', 'F002', 6),
('M004', 'F002', 5),
('M005', 'F002', 17),
('M006', 'F002', 12),
('M008', 'F002', 14),
('M010', 'F002', 16),
('M014', 'F002', 14),
('M015', 'F002', 19),
('M017', 'F002', 9),
('M018', 'F002', 14),
('M020', 'F002', 19),
('M021', 'F002', 11),
('M022', 'F002', 14),
('M023', 'F002', 16),
('M024', 'F002', 19),
('M027', 'F002', 17),
('M028', 'F002', 15),
('M029', 'F002', 19),
('M030', 'F002', 9),
('M007', 'F004', 18),
('M008', 'F004', 11),
('M009', 'F004', 17),
('M010', 'F004', 9),
('M011', 'F004', 12),
('M012', 'F004', 13),
('M013', 'F004', 5),
('M014', 'F004', 16),
('M016', 'F004', 15),
('M017', 'F004', 14),
('M018', 'F004', 5),
('M019', 'F004', 17),
('M020', 'F004', 13),
('M021', 'F004', 12),
('M022', 'F004', 2),
('M023', 'F004', 16),
('M024', 'F004', 14),
('M025', 'F004', 16),
('M026', 'F004', 11),
('M027', 'F004', 12),
('M029', 'F004', 13),
('M030', 'F004', 9),
('M001', 'F008', 17),
('M004', 'F008', 19),
('M005', 'F008', 5),
('M006', 'F008', 14),
('M009', 'F008', 11),
('M010', 'F008', 15),
('M011', 'F008', 6),
('M012', 'F008', 15),
('M013', 'F008', 12),
('M014', 'F008', 12),
('M015', 'F008', 10),
('M016', 'F008', 10),
('M017', 'F008', 19),
('M018', 'F008', 16),
('M019', 'F008', 9),
('M020', 'F008', 7),
('M021', 'F008', 8),
('M022', 'F008', 12),
('M023', 'F008', 14),
('M024', 'F008', 17),
('M025', 'F008', 3),
('M026', 'F008', 17),
('M027', 'F008', 18),
('M030', 'F008', 17),
('M001', 'F011', 6),
('M002', 'F011', 19),
('M003', 'F011', 19),
('M010', 'F011', 12),
('M011', 'F011', 13),
('M012', 'F011', 11),
('M013', 'F011', 17),
('M014', 'F011', 19),
('M015', 'F011', 17),
('M016', 'F011', 10),
('M017', 'F011', 16),
('M018', 'F011', 19),
('M019', 'F011', 5),
('M020', 'F011', 6),
('M021', 'F011', 17),
('M022', 'F011', 4),
('M024', 'F011', 17),
('M025', 'F011', 16),
('M026', 'F011', 14),
('M027', 'F011', 18),
('M028', 'F011', 14),
('M030', 'F011', 15),
('M001', 'F012', 10),
('M002', 'F012', 14),
('M003', 'F012', 9),
('M004', 'F012', 16),
('M005', 'F012', 14),
('M006', 'F012', 10),
('M007', 'F012', 11),
('M008', 'F012', 3),
('M009', 'F012', 10),
('M010', 'F012', 11),
('M011', 'F012', 6),
('M014', 'F012', 12),
('M015', 'F012', 19),
('M016', 'F012', 11),
('M017', 'F012', 13),
('M018', 'F012', 8),
('M019', 'F012', 13),
('M020', 'F012', 15),
('M021', 'F012', 3),
('M022', 'F012', 4),
('M024', 'F012', 8),
('M025', 'F012', 11),
('M026', 'F012', 2),
('M027', 'F012', 6),
('M028', 'F012', 15),
('M029', 'F012', 14),
('M030', 'F012', 12),
('M001', 'F024', 4),
('M002', 'F024', 5),
('M004', 'F024', 9),
('M005', 'F024', 14),
('M006', 'F024', 2),
('M007', 'F024', 13),
('M008', 'F024', 11),
('M009', 'F024', 7),
('M010', 'F024', 6),
('M011', 'F024', 12),
('M013', 'F024', 8),
('M014', 'F024', 5),
('M015', 'F024', 14),
('M016', 'F024', 6),
('M017', 'F024', 16),
('M018', 'F024', 10),
('M019', 'F024', 11),
('M020', 'F024', 10),
('M021', 'F024', 7),
('M022', 'F024', 11),
('M023', 'F024', 8),
('M024', 'F024', 6),
('M025', 'F024', 7),
('M026', 'F024', 15),
('M030', 'F024', 9),
('M001', 'F025', 15),
('M002', 'F025', 18),
('M003', 'F025', 12),
('M004', 'F025', 11),
('M005', 'F025', 18),
('M006', 'F025', 13),
('M007', 'F025', 15),
('M008', 'F025', 10),
('M009', 'F025', 10),
('M013', 'F025', 12),
('M014', 'F025', 13),
('M015', 'F025', 16),
('M016', 'F025', 19),
('M017', 'F025', 12),
('M020', 'F025', 10),
('M021', 'F025', 16),
('M022', 'F025', 9),
('M023', 'F025', 8),
('M024', 'F025', 12),
('M027', 'F025', 17),
('M028', 'F025', 8),
('M029', 'F025', 7),
('M030', 'F025', 9),
('M001', 'F027', 13),
('M002', 'F027', 14),
('M003', 'F027', 12),
('M004', 'F027', 16),
('M005', 'F027', 3),
('M006', 'F027', 7),
('M007', 'F027', 12),
('M012', 'F027', 7),
('M013', 'F027', 18),
('M014', 'F027', 15),
('M016', 'F027', 15),
('M017', 'F027', 19),
('M018', 'F027', 8),
('M019', 'F027', 12),
('M020', 'F027', 11),
('M021', 'F027', 13),
('M023', 'F027', 17),
('M024', 'F027', 18),
('M025', 'F027', 18),
('M026', 'F027', 13),
('M027', 'F027', 19),
('M029', 'F027', 13),
('M030', 'F027', 12),
('M001', 'F030', 19),
('M002', 'F030', 17),
('M003', 'F030', 13),
('M004', 'F030', 10),
('M005', 'F030', 10),
('M006', 'F030', 12),
('M007', 'F030', 15),
('M008', 'F030', 15),
('M009', 'F030', 16),
('M010', 'F030', 17),
('M014', 'F030', 9),
('M015', 'F030', 10),
('M016', 'F030', 12),
('M017', 'F030', 17),
('M018', 'F030', 9),
('M019', 'F030', 15),
('M020', 'F030', 13),
('M022', 'F030', 17),
('M024', 'F030', 14),
('M026', 'F030', 16),
('M027', 'F030', 14),
('M028', 'F030', 18),
('M029', 'F030', 14),
('M001', 'F031', 18),
('M002', 'F031', 4),
('M003', 'F031', 6),
('M004', 'F031', 5),
('M005', 'F031', 2),
('M006', 'F031', 10),
('M007', 'F031', 4),
('M008', 'F031', 5),
('M009', 'F031', 18),
('M010', 'F031', 10),
('M011', 'F031', 16),
('M012', 'F031', 6),
('M013', 'F031', 19),
('M014', 'F031', 3),
('M015', 'F031', 18),
('M016', 'F031', 2),
('M017', 'F031', 15),
('M018', 'F031', 7),
('M019', 'F031', 15),
('M020', 'F031', 3),
('M021', 'F031', 3),
('M022', 'F031', 5),
('M023', 'F031', 12),
('M024', 'F031', 16),
('M025', 'F031', 2),
('M026', 'F031', 7),
('M027', 'F031', 14),
('M028', 'F031', 10),
('M029', 'F031', 8),
('M030', 'F031', 3),
('M001', 'F032', 8),
('M002', 'F032', 15),
('M003', 'F032', 10),
('M005', 'F032', 3),
('M006', 'F032', 2),
('M007', 'F032', 11),
('M008', 'F032', 6),
('M009', 'F032', 4),
('M010', 'F032', 8),
('M011', 'F032', 7),
('M012', 'F032', 9),
('M015', 'F032', 2),
('M017', 'F032', 4),
('M018', 'F032', 11),
('M019', 'F032', 3),
('M021', 'F032', 10),
('M022', 'F032', 3),
('M023', 'F032', 9),
('M024', 'F032', 15),
('M025', 'F032', 7),
('M026', 'F032', 10),
('M027', 'F032', 12),
('M028', 'F032', 13),
('M030', 'F032', 3),
('M001', 'F034', 14),
('M002', 'F034', 3),
('M003', 'F034', 7),
('M005', 'F034', 7),
('M006', 'F034', 3),
('M007', 'F034', 11),
('M008', 'F034', 4),
('M010', 'F034', 13),
('M011', 'F034', 11),
('M012', 'F034', 5),
('M013', 'F034', 16),
('M014', 'F034', 13),
('M015', 'F034', 10),
('M016', 'F034', 12),
('M017', 'F034', 8),
('M018', 'F034', 8),
('M022', 'F034', 6),
('M023', 'F034', 14),
('M024', 'F034', 11),
('M025', 'F034', 17),
('M026', 'F034', 17),
('M027', 'F034', 2),
('M028', 'F034', 19),
('M029', 'F034', 8),
('M030', 'F034', 15),
('M001', 'F040', 8),
('M002', 'F040', 9),
('M003', 'F040', 10),
('M004', 'F040', 10),
('M005', 'F040', 13),
('M006', 'F040', 8),
('M007', 'F040', 13),
('M008', 'F040', 8),
('M009', 'F040', 11),
('M010', 'F040', 9),
('M011', 'F040', 17),
('M024', 'F040', 6),
('M025', 'F040', 12),
('M026', 'F040', 13),
('M027', 'F040', 8),
('M028', 'F040', 13),
('M029', 'F040', 9),
('M030', 'F040', 6),
('M001', 'F041', 2),
('M002', 'F041', 11),
('M003', 'F041', 5),
('M004', 'F041', 7),
('M005', 'F041', 11),
('M006', 'F041', 15),
('M007', 'F041', 13),
('M009', 'F041', 15),
('M010', 'F041', 14),
('M011', 'F041', 19),
('M012', 'F041', 14),
('M013', 'F041', 18),
('M014', 'F041', 6),
('M015', 'F041', 8),
('M016', 'F041', 16),
('M017', 'F041', 13),
('M018', 'F041', 9),
('M019', 'F041', 6),
('M020', 'F041', 17),
('M022', 'F041', 15),
('M023', 'F041', 10),
('M024', 'F041', 12),
('M025', 'F041', 11),
('M026', 'F041', 5),
('M003', 'F042', 7),
('M004', 'F042', 10),
('M005', 'F042', 5),
('M006', 'F042', 6),
('M007', 'F042', 8),
('M008', 'F042', 9),
('M009', 'F042', 9),
('M010', 'F042', 11),
('M011', 'F042', 11),
('M012', 'F042', 4),
('M013', 'F042', 7),
('M014', 'F042', 12),
('M015', 'F042', 6),
('M016', 'F042', 10),
('M017', 'F042', 3),
('M018', 'F042', 14),
('M019', 'F042', 17),
('M020', 'F042', 2),
('M021', 'F042', 7),
('M022', 'F042', 13),
('M023', 'F042', 11),
('M026', 'F042', 14),
('M027', 'F042', 13),
('M029', 'F042', 6),
('M030', 'F042', 7),
('M001', 'F050', 16),
('M002', 'F050', 17),
('M003', 'F050', 15),
('M004', 'F050', 12),
('M005', 'F050', 12),
('M006', 'F050', 9),
('M007', 'F050', 8),
('M008', 'F050', 3),
('M009', 'F050', 19),
('M010', 'F050', 8),
('M011', 'F050', 18),
('M012', 'F050', 15),
('M013', 'F050', 14),
('M016', 'F050', 11),
('M017', 'F050', 10),
('M018', 'F050', 7),
('M023', 'F050', 9),
('M024', 'F050', 18),
('M025', 'F050', 6),
('M026', 'F050', 4),
('M027', 'F050', 9),
('M001', 'F055', 13),
('M002', 'F055', 9),
('M003', 'F055', 16),
('M004', 'F055', 2),
('M005', 'F055', 2),
('M007', 'F055', 11),
('M019', 'F055', 6),
('M020', 'F055', 4),
('M021', 'F055', 5),
('M023', 'F055', 10),
('M024', 'F055', 15),
('M025', 'F055', 15),
('M027', 'F055', 3),
('M028', 'F055', 10),
('M029', 'F055', 8),
('M030', 'F055', 8),
('M001', 'F057', 19),
('M002', 'F057', 9),
('M003', 'F057', 12),
('M005', 'F057', 17),
('M006', 'F057', 9),
('M007', 'F057', 13),
('M010', 'F057', 13),
('M011', 'F057', 12),
('M012', 'F057', 17),
('M013', 'F057', 10),
('M014', 'F057', 11),
('M015', 'F057', 9),
('M016', 'F057', 11),
('M017', 'F057', 10),
('M018', 'F057', 13),
('M019', 'F057', 11),
('M023', 'F057', 19),
('M024', 'F057', 18),
('M028', 'F057', 14),
('M029', 'F057', 8),
('M030', 'F057', 12),
('M001', 'F058', 5),
('M002', 'F058', 15),
('M003', 'F058', 11),
('M004', 'F058', 19),
('M005', 'F058', 9),
('M006', 'F058', 18),
('M007', 'F058', 9),
('M011', 'F058', 13),
('M012', 'F058', 13),
('M014', 'F058', 14),
('M015', 'F058', 19),
('M017', 'F058', 12),
('M018', 'F058', 2),
('M019', 'F058', 13),
('M022', 'F058', 6),
('M023', 'F058', 14),
('M030', 'F058', 7),
('M001', 'F060', 16),
('M006', 'F060', 19),
('M007', 'F060', 14),
('M008', 'F060', 17),
('M009', 'F060', 14),
('M010', 'F060', 19),
('M011', 'F060', 20),
('M012', 'F060', 18),
('M013', 'F060', 14),
('M014', 'F060', 12),
('M015', 'F060', 10),
('M016', 'F060', 18),
('M018', 'F060', 18),
('M019', 'F060', 16),
('M020', 'F060', 13),
('M021', 'F060', 11),
('M022', 'F060', 15),
('M024', 'F060', 16),
('M025', 'F060', 15),
('M026', 'F060', 14),
('M027', 'F060', 17),
('M028', 'F060', 19),
('M029', 'F060', 17),
('M030', 'F060', 18),
('M001', 'F061', 8),
('M002', 'F061', 7),
('M003', 'F061', 8),
('M004', 'F061', 12),
('M005', 'F061', 13),
('M006', 'F061', 10),
('M015', 'F061', 11),
('M016', 'F061', 15),
('M017', 'F061', 4),
('M018', 'F061', 12),
('M019', 'F061', 18),
('M023', 'F061', 10),
('M024', 'F061', 7),
('M025', 'F061', 11),
('M026', 'F061', 12),
('M027', 'F061', 15),
('M028', 'F061', 4),
('M029', 'F061', 12),
('M030', 'F061', 12),
('M002', 'F064', 17),
('M003', 'F064', 5),
('M004', 'F064', 12),
('M005', 'F064', 16),
('M006', 'F064', 17),
('M007', 'F064', 11),
('M008', 'F064', 2),
('M009', 'F064', 11),
('M010', 'F064', 15),
('M011', 'F064', 13),
('M012', 'F064', 4),
('M013', 'F064', 2),
('M014', 'F064', 4),
('M015', 'F064', 9),
('M016', 'F064', 17),
('M017', 'F064', 13),
('M018', 'F064', 10),
('M019', 'F064', 5),
('M020', 'F064', 17),
('M021', 'F064', 6),
('M022', 'F064', 2),
('M023', 'F064', 2),
('M024', 'F064', 11),
('M025', 'F064', 15),
('M026', 'F064', 12),
('M027', 'F064', 18),
('M028', 'F064', 13),
('M029', 'F064', 10),
('M030', 'F064', 8),
('M024', 'F067', 16),
('M025', 'F067', 2),
('M026', 'F067', 13),
('M027', 'F067', 5),
('M028', 'F067', 5),
('M029', 'F067', 10),
('M030', 'F067', 16),
('M001', 'F081', 11),
('M002', 'F081', 15),
('M003', 'F081', 17),
('M004', 'F081', 3),
('M005', 'F081', 8),
('M006', 'F081', 6),
('M007', 'F081', 19),
('M008', 'F081', 19),
('M011', 'F081', 8),
('M012', 'F081', 7),
('M013', 'F081', 13),
('M014', 'F081', 9),
('M015', 'F081', 8),
('M019', 'F081', 5),
('M020', 'F081', 18),
('M021', 'F081', 9),
('M022', 'F081', 18),
('M023', 'F081', 18),
('M024', 'F081', 17),
('M025', 'F081', 7),
('M027', 'F081', 14),
('M002', 'F100', 6),
('M003', 'F100', 17),
('M004', 'F100', 3),
('M005', 'F100', 13),
('M006', 'F100', 15),
('M007', 'F100', 12),
('M008', 'F100', 10),
('M009', 'F100', 11),
('M011', 'F100', 17),
('M013', 'F100', 19),
('M017', 'F100', 18),
('M018', 'F100', 10),
('M019', 'F100', 7),
('M020', 'F100', 15),
('M021', 'F100', 8),
('M022', 'F100', 9),
('M023', 'F100', 17),
('M024', 'F100', 7),
('M025', 'F100', 16),
('M030', 'F100', 17),
('M001', 'F103', 19),
('M002', 'F103', 13),
('M003', 'F103', 6),
('M005', 'F103', 9),
('M006', 'F103', 11),
('M007', 'F103', 18),
('M008', 'F103', 18),
('M009', 'F103', 16),
('M010', 'F103', 14),
('M011', 'F103', 16),
('M012', 'F103', 14),
('M013', 'F103', 9),
('M014', 'F103', 5),
('M015', 'F103', 15),
('M016', 'F103', 12),
('M017', 'F103', 11),
('M022', 'F103', 17),
('M023', 'F103', 12),
('M025', 'F103', 11),
('M004', 'F105', 14),
('M005', 'F105', 11),
('M011', 'F105', 10),
('M012', 'F105', 7),
('M013', 'F105', 13),
('M014', 'F105', 14),
('M015', 'F105', 10),
('M016', 'F105', 19),
('M017', 'F105', 15),
('M018', 'F105', 13),
('M019', 'F105', 13),
('M020', 'F105', 17),
('M021', 'F105', 14),
('M022', 'F105', 9),
('M023', 'F105', 13),
('M024', 'F105', 19),
('M025', 'F105', 8),
('M026', 'F105', 13),
('M027', 'F105', 19),
('M029', 'F105', 10),
('M030', 'F105', 16),
('M001', 'F108', 6),
('M002', 'F108', 9),
('M003', 'F108', 15),
('M004', 'F108', 2),
('M005', 'F108', 12),
('M008', 'F108', 8),
('M009', 'F108', 16),
('M010', 'F108', 15),
('M011', 'F108', 17),
('M012', 'F108', 11),
('M013', 'F108', 10),
('M014', 'F108', 9),
('M015', 'F108', 16),
('M016', 'F108', 12),
('M017', 'F108', 8),
('M018', 'F108', 12),
('M021', 'F108', 11),
('M022', 'F108', 11),
('M023', 'F108', 15),
('M024', 'F108', 8),
('M025', 'F108', 11),
('M026', 'F108', 3),
('M027', 'F108', 2),
('M028', 'F108', 6),
('M029', 'F108', 17),
('M030', 'F108', 14),
('M022', 'F118', 12),
('M023', 'F118', 17),
('M024', 'F118', 9),
('M025', 'F118', 18),
('M026', 'F118', 15),
('M027', 'F118', 7),
('M029', 'F118', 16),
('M030', 'F118', 14),
('M001', 'F120', 17),
('M003', 'F120', 5),
('M004', 'F120', 13),
('M006', 'F120', 8),
('M007', 'F120', 18),
('M008', 'F120', 17),
('M009', 'F120', 18),
('M010', 'F120', 13),
('M011', 'F120', 19),
('M013', 'F120', 16),
('M014', 'F120', 16),
('M015', 'F120', 9),
('M016', 'F120', 15),
('M023', 'F120', 16),
('M024', 'F120', 4),
('M025', 'F120', 12),
('M026', 'F120', 5),
('M027', 'F120', 16),
('M028', 'F120', 17),
('M004', 'F121', 7),
('M005', 'F121', 7),
('M006', 'F121', 3),
('M007', 'F121', 9),
('M009', 'F121', 10),
('M010', 'F121', 4),
('M011', 'F121', 9),
('M012', 'F121', 19),
('M013', 'F121', 10),
('M020', 'F121', 11),
('M021', 'F121', 17),
('M022', 'F121', 6),
('M023', 'F121', 11),
('M024', 'F121', 12),
('M025', 'F121', 10),
('M026', 'F121', 7),
('M027', 'F121', 17),
('M028', 'F121', 5),
('M029', 'F121', 12),
('M030', 'F121', 9),
('M001', 'F123', 6),
('M019', 'F123', 7),
('M020', 'F123', 9),
('M021', 'F123', 10),
('M022', 'F123', 10),
('M023', 'F123', 10),
('M024', 'F123', 13),
('M025', 'F123', 12),
('M026', 'F123', 9),
('M027', 'F123', 8),
('M028', 'F123', 14),
('M029', 'F123', 9),
('M030', 'F123', 6),
('M001', 'F201', 5),
('M003', 'F201', 16),
('M005', 'F201', 11),
('M006', 'F201', 14),
('M007', 'F201', 5),
('M008', 'F201', 14),
('M017', 'F201', 17),
('M018', 'F201', 11),
('M019', 'F201', 13),
('M021', 'F201', 17),
('M022', 'F201', 8),
('M023', 'F201', 10),
('M024', 'F201', 3),
('M025', 'F201', 17),
('M027', 'F201', 15),
('M030', 'F201', 17),
('M001', 'F202', 6),
('M002', 'F202', 10),
('M003', 'F202', 18),
('M005', 'F202', 7),
('M006', 'F202', 14),
('M007', 'F202', 12),
('M009', 'F202', 15),
('M013', 'F202', 10),
('M014', 'F202', 13),
('M015', 'F202', 7),
('M016', 'F202', 13),
('M017', 'F202', 8),
('M018', 'F202', 19),
('M019', 'F202', 15),
('M020', 'F202', 12),
('M021', 'F202', 6),
('M022', 'F202', 13),
('M027', 'F202', 18),
('M028', 'F202', 11),
('M029', 'F202', 9),
('M030', 'F202', 16),
('M001', 'F204', 5),
('M002', 'F204', 18),
('M003', 'F204', 13),
('M004', 'F204', 9),
('M005', 'F204', 10),
('M006', 'F204', 17),
('M007', 'F204', 11),
('M008', 'F204', 12),
('M010', 'F204', 17),
('M011', 'F204', 19),
('M012', 'F204', 10),
('M013', 'F204', 15),
('M015', 'F204', 13),
('M017', 'F204', 15),
('M019', 'F204', 15),
('M020', 'F204', 18),
('M021', 'F204', 11),
('M022', 'F204', 17),
('M023', 'F204', 16),
('M024', 'F204', 8),
('M025', 'F204', 16),
('M029', 'F204', 12),
('M030', 'F204', 11),
('M001', 'F205', 4),
('M002', 'F205', 7),
('M003', 'F205', 16),
('M004', 'F205', 4),
('M005', 'F205', 13),
('M006', 'F205', 14),
('M007', 'F205', 11),
('M008', 'F205', 3),
('M018', 'F205', 6),
('M019', 'F205', 17),
('M020', 'F205', 15),
('M021', 'F205', 16),
('M022', 'F205', 5),
('M023', 'F205', 19),
('M024', 'F205', 12),
('M025', 'F205', 7),
('M026', 'F205', 17),
('M027', 'F205', 7),
('M028', 'F205', 15),
('M029', 'F205', 16),
('M030', 'F205', 16),
('M001', 'F206', 4),
('M003', 'F206', 11),
('M004', 'F206', 14),
('M007', 'F206', 15),
('M008', 'F206', 9),
('M009', 'F206', 17),
('M010', 'F206', 19),
('M011', 'F206', 10),
('M012', 'F206', 14),
('M013', 'F206', 8),
('M014', 'F206', 18),
('M015', 'F206', 19),
('M016', 'F206', 9),
('M017', 'F206', 4),
('M018', 'F206', 14),
('M019', 'F206', 8),
('M020', 'F206', 2),
('M021', 'F206', 14),
('M022', 'F206', 5),
('M023', 'F206', 19),
('M024', 'F206', 8),
('M025', 'F206', 12),
('M026', 'F206', 17),
('M027', 'F206', 3),
('M028', 'F206', 18),
('M029', 'F206', 19),
('M030', 'F206', 12),
('M001', 'F208', 9),
('M002', 'F208', 17),
('M012', 'F208', 18),
('M013', 'F208', 13),
('M014', 'F208', 11),
('M015', 'F208', 10),
('M016', 'F208', 15),
('M017', 'F208', 15),
('M018', 'F208', 16),
('M022', 'F208', 19),
('M024', 'F208', 12),
('M025', 'F208', 10),
('M026', 'F208', 18),
('M027', 'F208', 15),
('M003', 'F208', 15),
('M004', 'F208', 11),
('M005', 'F208', 12),
('M006', 'F208', 17),
('M007', 'F208', 18),
('M008', 'F211', 6),
('M009', 'F211', 18),
('M010', 'F211', 5),
('M013', 'F211', 6),
('M014', 'F211', 7),
('M015', 'F211', 10),
('M016', 'F211', 18),
('M017', 'F211', 15),
('M018', 'F211', 9),
('M019', 'F211', 3),
('M021', 'F211', 3),
('M022', 'F211', 18),
('M025', 'F211', 18),
('M026', 'F211', 8),
('M027', 'F211', 13),
('M028', 'F211', 3),
('M029', 'F211', 3);
